{
  "accuracy_mean": 0.6666666666666666,
  "ci95": [
    0.3333333333333333,
    1.0
  ],
  "n": 3,
  "seeds": [
    1,
    2,
    3
  ]
}