{
  "accuracy_mean": 0.823170731707317,
  "ci95": [
    0.7621951219512195,
    0.8780487804878049
  ],
  "n": 164,
  "seeds": [
    1,
    2,
    3
  ]
}