{
  "accuracy_mean": 0.7682926829268293,
  "ci95": [
    0.7012195121951219,
    0.8292682926829268
  ],
  "n": 164,
  "seeds": [
    1,
    2,
    3
  ]
}