{
  "accuracy_mean": 0.4573170731707317,
  "ci95": [
    0.3902439024390244,
    0.5304878048780488
  ],
  "n": 164,
  "seeds": [
    1,
    2,
    3
  ]
}