dataset,turn,accuracy_mean,n_items
gsm8k,1,0.5404918032786885,6100
gsm8k,2,0.5368421052631579,3040
gsm8k,3,0.5368421052631579,3040
