dataset,turn,accuracy_mean,n_items
humaneval,1,0.09077380952380952,2016
humaneval,2,0.012861736334405145,622
humaneval,3,0.0016366612111292963,611
